Order ID,Order Date,CustomerName,State,City,YearMonth,Amount,Profit,Quantity,Year,Month,DayOfWeek
B-25601,2018-04-01,Bharat,Gujarat,Ahmedabad,2018-04,1060,-31,5,2018,2018-04,Sunday
B-25602,2018-04-01,Pearl,Maharashtra,Pune,2018-04,3972,1216,3,2018,2018-04,Sunday
B-25603,2018-04-03,Jahan,Madhya Pradesh,Bhopal,2018-04,3292,745,4,2018,2018-04,Tuesday
B-25604,2018-04-03,Divsha,Rajasthan,Jaipur,2018-04,666,594,9,2018,2018-04,Tuesday
B-25605,2018-04-05,Kasheen,West Bengal,Kolkata,2018-04,4626,433,9,2018,2018-04,Thursday
B-25606,2018-04-06,Hazel,Karnataka,Bangalore,2018-04,3644,1017,2,2018,2018-04,Friday
B-25607,2018-04-06,Sonakshi,Jammu and Kashmir,Kashmir,2018-04,3371,1340,8,2018,2018-04,Friday
B-25608,2018-04-08,Aarushi,Tamil Nadu,Chennai,2018-04,3119,-172,8,2018,2018-04,Sunday
B-25609,2018-04-09,Jitesh,Uttar Pradesh,Lucknow,2018-04,330,988,7,2018,2018-04,Monday
B-25610,2018-04-09,Yogesh,Bihar,Patna,2018-04,1885,1245,8,2018,2018-04,Monday
B-25611,2018-04-11,Anita,Kerala ,Thiruvananthapuram,2018-04,969,138,3,2018,2018-04,Wednesday
B-25612,2018-04-12,Shrichand,Punjab,Chandigarh,2018-04,2591,1471,6,2018,2018-04,Thursday
B-25613,2018-04-12,Mukesh,Haryana,Chandigarh,2018-04,2633,1319,1,2018,2018-04,Thursday
B-25614,2018-04-13,Vandana,Himachal Pradesh,Simla,2018-04,1384,1188,7,2018,2018-04,Friday
B-25615,2018-04-15,Bhavna,Sikkim,Gangtok,2018-04,4755,1165,1,2018,2018-04,Sunday
B-25616,2018-04-15,Kanak,Goa,Goa,2018-04,3585,299,9,2018,2018-04,Sunday
B-25617,2018-04-17,Sagar,Nagaland,Kohima,2018-04,4317,1480,1,2018,2018-04,Tuesday
B-25618,2018-04-18,Manju,Andhra Pradesh,Hyderabad,2018-04,3104,310,1,2018,2018-04,Wednesday
B-25619,2018-04-18,Ramesh,Gujarat,Ahmedabad,2018-04,674,1150,7,2018,2018-04,Wednesday
B-25620,2018-04-20,Sarita,Maharashtra,Pune,2018-04,1282,16,2,2018,2018-04,Friday
B-25621,2018-04-20,Deepak,Madhya Pradesh,Bhopal,2018-04,2758,1124,5,2018,2018-04,Friday
B-25622,2018-04-22,Monisha,Rajasthan,Jaipur,2018-04,2247,955,8,2018,2018-04,Sunday
B-25623,2018-04-22,Atharv,West Bengal,Kolkata,2018-04,2947,893,8,2018,2018-04,Sunday
B-25624,2018-04-22,Vini,Karnataka,Bangalore,2018-04,1175,1075,3,2018,2018-04,Sunday
B-25625,2018-04-23,Pinky,Jammu and Kashmir,Kashmir,2018-04,2006,1238,7,2018,2018-04,Monday
B-25626,2018-04-23,Bhishm,Maharashtra,Mumbai,2018-04,389,244,3,2018,2018-04,Monday
B-25627,2018-04-23,Hitika,Madhya Pradesh,Indore,2018-04,2934,675,6,2018,2018-04,Monday
B-25628,2018-04-24,Pooja,Bihar,Patna,2018-04,3205,1005,6,2018,2018-04,Tuesday
B-25629,2018-04-24,Hemant,Kerala ,Thiruvananthapuram,2018-04,4858,-34,3,2018,2018-04,Tuesday
B-25630,2018-04-24,Sahil,Punjab,Chandigarh,2018-04,2099,-110,7,2018,2018-04,Tuesday
B-25631,2018-04-24,Ritu,Haryana,Chandigarh,2018-04,1467,513,3,2018,2018-04,Tuesday
B-25632,2018-04-25,Manish,Himachal Pradesh,Simla,2018-04,1728,1354,8,2018,2018-04,Wednesday
B-25633,2018-04-26,Amit,Sikkim,Gangtok,2018-04,3402,-162,4,2018,2018-04,Thursday
B-25634,2018-04-26,Sanjay,Goa,Goa,2018-04,3756,949,1,2018,2018-04,Thursday
B-25635,2018-04-26,Nidhi,Nagaland,Kohima,2018-04,4090,1274,4,2018,2018-04,Thursday
B-25636,2018-04-26,Nishi,Maharashtra,Mumbai,2018-04,846,-28,7,2018,2018-04,Thursday
B-25637,2018-04-26,Ashmi,Madhya Pradesh,Indore,2018-04,3088,452,4,2018,2018-04,Thursday
B-25638,2018-04-26,Parth,Maharashtra,Pune,2018-04,2635,553,6,2018,2018-04,Thursday
B-25639,2018-04-27,Lisha,Madhya Pradesh,Bhopal,2018-04,800,1043,9,2018,2018-04,Friday
B-25640,2018-04-27,Paridhi,Rajasthan,Jaipur,2018-04,2563,1461,1,2018,2018-04,Friday
B-25641,2018-04-27,Parishi,West Bengal,Kolkata,2018-04,2261,881,5,2018,2018-04,Friday
B-25642,2018-04-28,Ajay,Karnataka,Bangalore,2018-04,441,1483,7,2018,2018-04,Saturday
B-25643,2018-04-29,Kirti,Jammu and Kashmir,Kashmir,2018-04,2241,275,1,2018,2018-04,Sunday
B-25644,2018-04-30,Mayank,Maharashtra,Mumbai,2018-04,3024,255,4,2018,2018-04,Monday
B-25645,2018-05-01,Yaanvi,Madhya Pradesh,Indore,2018-05,2812,628,6,2018,2018-05,Tuesday
B-25646,2018-05-01,Sonal,Bihar,Patna,2018-05,1563,694,2,2018,2018-05,Tuesday
B-25647,2018-05-03,Sharda,Kerala ,Thiruvananthapuram,2018-05,1678,1184,5,2018,2018-05,Thursday
B-25648,2018-05-04,Aditya,Punjab,Chandigarh,2018-05,2756,824,1,2018,2018-05,Friday
B-25649,2018-05-05,Rachna,Haryana,Chandigarh,2018-05,975,186,6,2018,2018-05,Saturday
B-25650,2018-05-06,Chirag,Maharashtra,Mumbai,2018-05,4214,147,6,2018,2018-05,Sunday
B-25651,2018-05-07,Anurag,Madhya Pradesh,Indore,2018-05,234,-11,4,2018,2018-05,Monday
B-25652,2018-05-08,Tushina,Goa,Goa,2018-05,3352,304,8,2018,2018-05,Tuesday
B-25653,2018-05-08,Farah,Nagaland,Kohima,2018-05,2155,1014,4,2018,2018-05,Tuesday
B-25654,2018-05-10,Sabah,Maharashtra,Mumbai,2018-05,1785,1331,8,2018,2018-05,Thursday
B-25655,2018-05-11,Nida,Madhya Pradesh,Indore,2018-05,4143,1192,8,2018,2018-05,Friday
B-25656,2018-05-11,Priyanka,Maharashtra,Pune,2018-05,3273,1232,5,2018,2018-05,Friday
B-25657,2018-05-13,Tulika,Madhya Pradesh,Bhopal,2018-05,1221,623,4,2018,2018-05,Sunday
B-25658,2018-05-14,Shefali,Rajasthan,Jaipur,2018-05,3661,728,2,2018,2018-05,Monday
B-25659,2018-05-15,Sanskriti,West Bengal,Kolkata,2018-05,2813,733,3,2018,2018-05,Tuesday
B-25660,2018-05-16,Shruti,Karnataka,Bangalore,2018-05,4043,940,3,2018,2018-05,Wednesday
B-25661,2018-05-17,Subhashree,Jammu and Kashmir,Kashmir,2018-05,1700,-67,4,2018,2018-05,Thursday
B-25662,2018-05-17,Sweta,Maharashtra,Mumbai,2018-05,4998,-143,4,2018,2018-05,Thursday
B-25663,2018-05-19,Pournamasi,Madhya Pradesh,Indore,2018-05,361,1379,5,2018,2018-05,Saturday
B-25664,2018-05-20,Pratyusmita,Bihar,Patna,2018-05,4497,484,4,2018,2018-05,Sunday
B-25665,2018-05-21,Chayanika,Kerala ,Thiruvananthapuram,2018-05,2181,471,8,2018,2018-05,Monday
B-25666,2018-05-22,Tanvi,Punjab,Chandigarh,2018-05,1195,-28,6,2018,2018-05,Tuesday
B-25667,2018-05-23,Anjali,Haryana,Chandigarh,2018-05,3542,614,6,2018,2018-05,Wednesday
B-25668,2018-05-24,Rhea,Himachal Pradesh,Simla,2018-05,4751,972,8,2018,2018-05,Thursday
B-25669,2018-05-25,Piyali,Sikkim,Gangtok,2018-05,3998,-121,7,2018,2018-05,Friday
B-25670,2018-05-25,Charika,Goa,Goa,2018-05,1475,685,8,2018,2018-05,Friday
B-25671,2018-05-27,Mitali,Nagaland,Kohima,2018-05,1216,1036,2,2018,2018-05,Sunday
B-25672,2018-05-28,Akanksha,Andhra Pradesh,Hyderabad,2018-05,537,2,9,2018,2018-05,Monday
B-25673,2018-05-28,Arsheen,Gujarat,Ahmedabad,2018-05,1078,563,1,2018,2018-05,Monday
B-25674,2018-05-28,Mahima,Maharashtra,Pune,2018-05,1276,1052,8,2018,2018-05,Monday
B-25675,2018-05-31,Shreya,Madhya Pradesh,Bhopal,2018-05,4193,1499,4,2018,2018-05,Thursday
B-25676,2018-06-01,Chandni,Rajasthan,Jaipur,2018-06,579,1050,4,2018,2018-06,Friday
B-25677,2018-06-02,Ekta,West Bengal,Kolkata,2018-06,692,1482,5,2018,2018-06,Saturday
B-25678,2018-06-03,Bathina,Karnataka,Bangalore,2018-06,2262,1355,8,2018,2018-06,Sunday
B-25679,2018-06-04,Avni,Maharashtra,Mumbai,2018-06,4084,1264,5,2018,2018-06,Monday
B-25680,2018-06-04,Aayushi,Madhya Pradesh,Indore,2018-06,264,1225,8,2018,2018-06,Monday
B-25681,2018-06-04,Bhawna,Madhya Pradesh,Indore,2018-06,2768,-154,1,2018,2018-06,Monday
B-25682,2018-06-07,Krutika,Bihar,Patna,2018-06,2227,1056,9,2018,2018-06,Thursday
B-25683,2018-06-08,Shreya,Kerala ,Thiruvananthapuram,2018-06,2895,1128,6,2018,2018-06,Friday
B-25684,2018-06-09,Samiksha,Maharashtra,Mumbai,2018-06,1695,1349,3,2018,2018-06,Saturday
B-25685,2018-06-10,Sheetal,Madhya Pradesh,Indore,2018-06,591,966,8,2018,2018-06,Sunday
B-25686,2018-06-11,Pooja,Himachal Pradesh,Simla,2018-06,4714,1238,9,2018,2018-06,Monday
B-25687,2018-06-11,Sanjna,Maharashtra,Mumbai,2018-06,4674,1336,6,2018,2018-06,Monday
B-25688,2018-06-11,Swetha,Madhya Pradesh,Indore,2018-06,3761,1196,7,2018,2018-06,Monday
B-25689,2018-06-14,Bhaggyasree,Maharashtra,Mumbai,2018-06,2478,1389,1,2018,2018-06,Thursday
B-25690,2018-06-15,Gunjan,Madhya Pradesh,Indore,2018-06,3299,1082,5,2018,2018-06,Friday
B-25691,2018-06-16,Akancha,Maharashtra,Mumbai,2018-06,400,455,5,2018,2018-06,Saturday
B-25692,2018-06-17,Rashmi,Madhya Pradesh,Indore,2018-06,3304,270,4,2018,2018-06,Sunday
B-25693,2018-06-18,Parna,Madhya Pradesh,Bhopal,2018-06,4798,770,6,2018,2018-06,Monday
B-25694,2018-06-18,Subhasmita,Rajasthan,Jaipur,2018-06,2654,835,7,2018,2018-06,Monday
B-25695,2018-06-18,Suhani,West Bengal,Kolkata,2018-06,3845,1153,9,2018,2018-06,Monday
B-25696,2018-06-21,Noopur,Karnataka,Bangalore,2018-06,1004,535,1,2018,2018-06,Thursday
B-25697,2018-06-22,Vijay,Jammu and Kashmir,Kashmir,2018-06,2931,583,6,2018,2018-06,Friday
B-25698,2018-06-23,Amisha,Tamil Nadu,Chennai,2018-06,2973,767,7,2018,2018-06,Saturday
B-25699,2018-06-24,Kritika,Uttar Pradesh,Lucknow,2018-06,1770,157,3,2018,2018-06,Sunday
B-25700,2018-06-25,Shubhi,Maharashtra,Mumbai,2018-06,2890,771,8,2018,2018-06,Monday
B-25701,2018-06-26,Maithilee,Madhya Pradesh,Indore,2018-06,4040,1231,5,2018,2018-06,Tuesday
B-25702,2018-06-27,Shaily,Maharashtra,Mumbai,2018-06,1228,467,9,2018,2018-06,Wednesday
B-25703,2018-06-28,Ekta,Madhya Pradesh,Indore,2018-06,702,172,5,2018,2018-06,Thursday
B-25704,2018-06-29,Riya,Maharashtra,Mumbai,2018-06,4693,831,9,2018,2018-06,Friday
B-25705,2018-06-30,Shweta,Madhya Pradesh,Indore,2018-06,1070,945,4,2018,2018-06,Saturday
B-25706,2018-07-01,Swetlana,Goa,Goa,2018-07,4688,1171,9,2018,2018-07,Sunday
B-25707,2018-07-01,Shivani,Maharashtra,Mumbai,2018-07,406,475,5,2018,2018-07,Sunday
B-25708,2018-07-01,Kishwar,Madhya Pradesh,Indore,2018-07,1684,-111,9,2018,2018-07,Sunday
B-25709,2018-07-01,Aakanksha,Madhya Pradesh,Indore,2018-07,1063,1471,3,2018,2018-07,Sunday
B-25710,2018-07-05,Megha,Maharashtra,Pune,2018-07,2990,497,4,2018,2018-07,Thursday
B-25711,2018-07-06,Sakshi,Madhya Pradesh,Bhopal,2018-07,763,1139,9,2018,2018-07,Friday
B-25712,2018-07-07,Adhvaita,Rajasthan,Jaipur,2018-07,4391,1001,6,2018,2018-07,Saturday
B-25713,2018-07-08,Raksha,West Bengal,Kolkata,2018-07,1957,339,2,2018,2018-07,Sunday
B-25714,2018-07-09,Stuti,Karnataka,Bangalore,2018-07,1878,531,7,2018,2018-07,Monday
B-25715,2018-07-10,Srishti,Jammu and Kashmir,Kashmir,2018-07,3442,668,2,2018,2018-07,Tuesday
B-25716,2018-07-11,Surabhi,Tamil Nadu,Chennai,2018-07,4836,-160,2,2018,2018-07,Wednesday
B-25717,2018-07-12,Manshul,Uttar Pradesh,Lucknow,2018-07,1259,539,1,2018,2018-07,Thursday
B-25718,2018-07-12,Anjali,Maharashtra,Mumbai,2018-07,1922,301,3,2018,2018-07,Thursday
B-25719,2018-07-12,Rashmi,Madhya Pradesh,Indore,2018-07,3514,758,6,2018,2018-07,Thursday
B-25720,2018-07-15,Namrata,Punjab,Chandigarh,2018-07,3357,968,8,2018,2018-07,Sunday
B-25721,2018-07-16,Anchal,Haryana,Chandigarh,2018-07,2825,1024,9,2018,2018-07,Monday
B-25722,2018-07-17,Inderpreet,Himachal Pradesh,Simla,2018-07,2929,728,7,2018,2018-07,Tuesday
B-25723,2018-07-18,Wale,Maharashtra,Mumbai,2018-07,1797,260,4,2018,2018-07,Wednesday
B-25724,2018-07-19,Sheetal,Madhya Pradesh,Indore,2018-07,3260,531,6,2018,2018-07,Thursday
B-25725,2018-07-20,Anisha,Nagaland,Kohima,2018-07,2893,551,5,2018,2018-07,Friday
B-25726,2018-07-21,Kiran,Maharashtra,Mumbai,2018-07,3827,724,8,2018,2018-07,Saturday
B-25727,2018-07-22,Turumella,Madhya Pradesh,Indore,2018-07,1563,708,1,2018,2018-07,Sunday
B-25728,2018-07-22,Ameesha,Maharashtra,Pune,2018-07,2181,1381,1,2018,2018-07,Sunday
B-25729,2018-07-22,Madhulika,Madhya Pradesh,Bhopal,2018-07,1863,1370,6,2018,2018-07,Sunday
B-25730,2018-07-22,Rishabh,Rajasthan,Jaipur,2018-07,1729,1076,2,2018,2018-07,Sunday
B-25731,2018-07-26,Akash,West Bengal,Kolkata,2018-07,2238,189,5,2018,2018-07,Thursday
B-25732,2018-07-27,Anubhaw,Karnataka,Bangalore,2018-07,3502,1417,1,2018,2018-07,Friday
B-25733,2018-07-28,Dhirajendu,Maharashtra,Mumbai,2018-07,2437,682,7,2018,2018-07,Saturday
B-25734,2018-07-29,Pranav,Madhya Pradesh,Indore,2018-07,1506,55,1,2018,2018-07,Sunday
B-25735,2018-07-30,Arindam,Uttar Pradesh,Lucknow,2018-07,4229,508,4,2018,2018-07,Monday
B-25736,2018-07-31,Akshat,Maharashtra,Mumbai,2018-07,2875,249,9,2018,2018-07,Tuesday
B-25737,2018-08-01,Shubham,Madhya Pradesh,Indore,2018-08,1482,-191,1,2018,2018-08,Wednesday
B-25738,2018-08-02,Ayush,Punjab,Chandigarh,2018-08,909,623,4,2018,2018-08,Thursday
B-25739,2018-08-03,Daksh,Haryana,Chandigarh,2018-08,4944,597,6,2018,2018-08,Friday
B-25740,2018-08-03,Rane,Maharashtra,Mumbai,2018-08,4613,1065,6,2018,2018-08,Friday
B-25741,2018-08-03,Navdeep,Madhya Pradesh,Indore,2018-08,3948,1074,8,2018,2018-08,Friday
B-25742,2018-08-03,Ashwin,Goa,Goa,2018-08,4979,676,1,2018,2018-08,Friday
B-25743,2018-08-07,Aman,Nagaland,Kohima,2018-08,863,828,7,2018,2018-08,Tuesday
B-25744,2018-08-08,Devendra,Andhra Pradesh,Hyderabad,2018-08,2198,942,1,2018,2018-08,Wednesday
B-25745,2018-08-09,Kartik,Gujarat,Ahmedabad,2018-08,3645,815,7,2018,2018-08,Thursday
B-25746,2018-08-10,Shivam,Maharashtra,Pune,2018-08,3943,173,3,2018,2018-08,Friday
B-25747,2018-08-11,Harsh,Madhya Pradesh,Bhopal,2018-08,1695,888,8,2018,2018-08,Saturday
B-25748,2018-08-12,Nitant,Rajasthan,Jaipur,2018-08,3504,-55,3,2018,2018-08,Sunday
B-25749,2018-08-13,Ayush,Maharashtra,Mumbai,2018-08,3963,23,1,2018,2018-08,Monday
B-25750,2018-08-14,Priyanshu,Madhya Pradesh,Indore,2018-08,2053,1062,8,2018,2018-08,Tuesday
B-25751,2018-08-14,Nishant,Maharashtra,Mumbai,2018-08,4859,-24,3,2018,2018-08,Tuesday
B-25752,2018-08-14,Vaibhav,Madhya Pradesh,Indore,2018-08,1491,652,2,2018,2018-08,Tuesday
B-25753,2018-08-17,Shivam,Uttar Pradesh,Lucknow,2018-08,3781,1105,1,2018,2018-08,Friday
B-25754,2018-08-18,Akshay,Bihar,Patna,2018-08,3657,-138,3,2018,2018-08,Saturday
B-25755,2018-08-19,Shourya,Kerala ,Thiruvananthapuram,2018-08,1836,1040,2,2018,2018-08,Sunday
B-25756,2018-08-20,Mohan,Maharashtra,Mumbai,2018-08,3896,626,2,2018,2018-08,Monday
B-25757,2018-08-21,Mohit,Madhya Pradesh,Indore,2018-08,3199,594,6,2018,2018-08,Tuesday
B-25758,2018-08-22,Shubham,Himachal Pradesh,Simla,2018-08,3352,488,1,2018,2018-08,Wednesday
B-25759,2018-08-23,Soumya,Sikkim,Gangtok,2018-08,898,1284,2,2018,2018-08,Thursday
B-25760,2018-08-24,Pooja,Goa,Goa,2018-08,2360,1433,6,2018,2018-08,Friday
B-25761,2018-08-25,Surabhi,Maharashtra,Mumbai,2018-08,4297,-96,3,2018,2018-08,Saturday
B-25762,2018-08-26,Anudeep,Madhya Pradesh,Indore,2018-08,4937,922,4,2018,2018-08,Sunday
B-25763,2018-08-27,Noshiba,Gujarat,Ahmedabad,2018-08,1054,310,1,2018,2018-08,Monday
B-25764,2018-08-28,Sanjova,Maharashtra,Pune,2018-08,3674,184,8,2018,2018-08,Tuesday
B-25765,2018-08-29,Meghana,Madhya Pradesh,Bhopal,2018-08,1907,204,7,2018,2018-08,Wednesday
B-25766,2018-08-30,Surabhi,Rajasthan,Jaipur,2018-08,2977,622,7,2018,2018-08,Thursday
B-25767,2018-08-31,Ashmeet,West Bengal,Kolkata,2018-08,1933,317,3,2018,2018-08,Friday
B-25768,2018-09-01,Shreyoshe,Karnataka,Bangalore,2018-09,3710,275,3,2018,2018-09,Saturday
B-25769,2018-09-02,Surbhi,Maharashtra,Mumbai,2018-09,402,508,2,2018,2018-09,Sunday
B-25770,2018-09-02,Sakshi,Madhya Pradesh,Indore,2018-09,3455,1468,1,2018,2018-09,Sunday
B-25771,2018-09-02,Vaibhavi,Uttar Pradesh,Lucknow,2018-09,4418,570,7,2018,2018-09,Sunday
B-25772,2018-09-02,Sanjana,Bihar,Patna,2018-09,4696,1260,7,2018,2018-09,Sunday
B-25773,2018-09-06,Shreya,Kerala ,Thiruvananthapuram,2018-09,966,846,2,2018,2018-09,Thursday
B-25774,2018-09-07,Snehal,Punjab,Chandigarh,2018-09,4589,796,7,2018,2018-09,Friday
B-25775,2018-09-08,Duhita,Haryana,Chandigarh,2018-09,2527,1388,8,2018,2018-09,Saturday
B-25776,2018-09-09,Mousam,Maharashtra,Mumbai,2018-09,3131,476,1,2018,2018-09,Sunday
B-25777,2018-09-10,Aditi,Madhya Pradesh,Indore,2018-09,397,513,9,2018,2018-09,Monday
B-25778,2018-09-11,Surabhi,Maharashtra,Mumbai,2018-09,2130,1281,7,2018,2018-09,Tuesday
B-25779,2018-09-12,Savi,Madhya Pradesh,Indore,2018-09,3782,-118,3,2018,2018-09,Wednesday
B-25780,2018-09-13,Teena,Andhra Pradesh,Hyderabad,2018-09,808,968,8,2018,2018-09,Thursday
B-25781,2018-09-14,Rutuja,Gujarat,Ahmedabad,2018-09,3472,908,7,2018,2018-09,Friday
B-25782,2018-09-15,Aayushi,Maharashtra,Mumbai,2018-09,1347,901,8,2018,2018-09,Saturday
B-25783,2018-09-15,Shivangi,Madhya Pradesh,Indore,2018-09,4482,256,6,2018,2018-09,Saturday
B-25784,2018-09-15,Rohit,Rajasthan,Jaipur,2018-09,3597,-200,9,2018,2018-09,Saturday
B-25785,2018-09-15,Ayush,West Bengal,Kolkata,2018-09,2711,-150,5,2018,2018-09,Saturday
B-25786,2018-09-19,Abhishek,Karnataka,Bangalore,2018-09,1994,484,3,2018,2018-09,Wednesday
B-25787,2018-09-20,Asish,Jammu and Kashmir,Kashmir,2018-09,859,516,3,2018,2018-09,Thursday
B-25788,2018-09-21,Dinesh,Tamil Nadu,Chennai,2018-09,3011,1269,1,2018,2018-09,Friday
B-25789,2018-09-22,Akshay,Uttar Pradesh,Lucknow,2018-09,1569,248,8,2018,2018-09,Saturday
B-25790,2018-09-23,Sajal,Bihar,Patna,2018-09,2186,680,2,2018,2018-09,Sunday
B-25791,2018-09-24,Avish,Kerala ,Thiruvananthapuram,2018-09,346,287,3,2018,2018-09,Monday
B-25792,2018-09-24,Abhishek,Maharashtra,Mumbai,2018-09,3419,-167,8,2018,2018-09,Monday
B-25793,2018-09-24,Siddharth,Madhya Pradesh,Indore,2018-09,3111,1171,8,2018,2018-09,Monday
B-25794,2018-09-24,Aditya,Himachal Pradesh,Simla,2018-09,1934,-106,4,2018,2018-09,Monday
B-25795,2018-09-24,Sukant,Sikkim,Gangtok,2018-09,2043,895,4,2018,2018-09,Monday
B-25796,2018-09-24,Sukrith,Maharashtra,Mumbai,2018-09,688,1374,5,2018,2018-09,Monday
B-25797,2018-09-30,Sauptik,Madhya Pradesh,Indore,2018-09,3176,-47,6,2018,2018-09,Sunday
B-25798,2018-10-01,Shishu,Andhra Pradesh,Hyderabad,2018-10,2159,49,5,2018,2018-10,Monday
B-25799,2018-10-01,Divyansh,Gujarat,Ahmedabad,2018-10,2585,473,7,2018,2018-10,Monday
B-25800,2018-10-01,Ishit,Maharashtra,Pune,2018-10,3119,237,2,2018,2018-10,Monday
B-25801,2018-10-01,Aryan,Madhya Pradesh,Bhopal,2018-10,4936,-83,7,2018,2018-10,Monday
B-25802,2018-10-05,Yash,Maharashtra,Mumbai,2018-10,2002,570,7,2018,2018-10,Friday
B-25803,2018-10-05,Shivanshu,Madhya Pradesh,Indore,2018-10,4261,1129,1,2018,2018-10,Friday
B-25804,2018-10-05,Sudheer,Karnataka,Bangalore,2018-10,3569,67,7,2018,2018-10,Friday
B-25805,2018-10-05,Ankit,Maharashtra,Mumbai,2018-10,462,877,5,2018,2018-10,Friday
B-25806,2018-10-06,Dhanraj,Madhya Pradesh,Indore,2018-10,823,35,3,2018,2018-10,Saturday
B-25807,2018-10-07,Vipul,Uttar Pradesh,Lucknow,2018-10,1216,188,3,2018,2018-10,Sunday
B-25808,2018-10-08,Apsingekar,Bihar,Patna,2018-10,3843,789,4,2018,2018-10,Monday
B-25809,2018-10-09,Suman,Kerala ,Thiruvananthapuram,2018-10,2249,562,2,2018,2018-10,Tuesday
B-25810,2018-10-10,Nripraj,Punjab,Chandigarh,2018-10,3923,200,2,2018,2018-10,Wednesday
B-25811,2018-10-10,Utsav,Maharashtra,Mumbai,2018-10,4748,423,1,2018,2018-10,Wednesday
B-25812,2018-10-10,Kshitij,Madhya Pradesh,Indore,2018-10,3308,566,5,2018,2018-10,Wednesday
B-25813,2018-10-10,Hrisheekesh,Maharashtra,Mumbai,2018-10,4290,1126,4,2018,2018-10,Wednesday
B-25814,2018-10-10,Swapnil,Madhya Pradesh,Indore,2018-10,2256,718,2,2018,2018-10,Wednesday
B-25815,2018-10-10,Harsh,Nagaland,Kohima,2018-10,3370,1030,3,2018,2018-10,Wednesday
B-25816,2018-10-12,Mane,Andhra Pradesh,Hyderabad,2018-10,1882,1052,7,2018,2018-10,Friday
B-25817,2018-10-13,Praneet,Maharashtra,Mumbai,2018-10,2455,652,7,2018,2018-10,Saturday
B-25818,2018-10-14,Sandeep,Madhya Pradesh,Indore,2018-10,1354,377,4,2018,2018-10,Sunday
B-25819,2018-10-15,Ankur,Madhya Pradesh,Bhopal,2018-10,4699,-126,5,2018,2018-10,Monday
B-25820,2018-10-16,Dheeraj,Rajasthan,Jaipur,2018-10,3391,234,5,2018,2018-10,Tuesday
B-25821,2018-10-16,Ajay,West Bengal,Kolkata,2018-10,1896,-98,6,2018,2018-10,Tuesday
B-25822,2018-10-18,Tejas,Karnataka,Bangalore,2018-10,4191,1245,9,2018,2018-10,Thursday
B-25823,2018-10-18,Rohan,Maharashtra,Mumbai,2018-10,4923,563,2,2018,2018-10,Thursday
B-25824,2018-10-20,Shyam,Madhya Pradesh,Indore,2018-10,4882,537,5,2018,2018-10,Saturday
B-25825,2018-10-21,Kartik,Madhya Pradesh,Indore,2018-10,1848,605,3,2018,2018-10,Sunday
B-25826,2018-10-22,Tanushree,Maharashtra,Mumbai,2018-10,1645,1129,4,2018,2018-10,Monday
B-25827,2018-10-23,Sheetal,Madhya Pradesh,Indore,2018-10,4399,-103,6,2018,2018-10,Tuesday
B-25828,2018-10-24,Nikita,Punjab,Chandigarh,2018-10,4123,597,8,2018,2018-10,Wednesday
B-25829,2018-10-25,Apoorva,Haryana,Chandigarh,2018-10,453,1158,1,2018,2018-10,Thursday
B-25830,2018-10-26,Aastha,Himachal Pradesh,Simla,2018-10,3383,658,8,2018,2018-10,Friday
B-25831,2018-10-27,Mahima,Sikkim,Gangtok,2018-10,2757,234,7,2018,2018-10,Saturday
B-25832,2018-10-28,Harshita,Maharashtra,Mumbai,2018-10,298,246,1,2018,2018-10,Sunday
B-25833,2018-10-29,Krishna,Madhya Pradesh,Indore,2018-10,2400,1131,2,2018,2018-10,Monday
B-25834,2018-10-29,Ananya,Andhra Pradesh,Hyderabad,2018-10,3161,48,3,2018,2018-10,Monday
B-25835,2018-10-29,Moumita,Gujarat,Ahmedabad,2018-10,4633,-35,1,2018,2018-10,Monday
B-25836,2018-10-29,Arti,Maharashtra,Pune,2018-10,3977,1304,9,2018,2018-10,Monday
B-25837,2018-10-29,Palak,Maharashtra,Mumbai,2018-10,3069,783,8,2018,2018-10,Monday
B-25838,2018-10-29,Sanjana,Madhya Pradesh,Indore,2018-10,3434,1158,2,2018,2018-10,Monday
B-25839,2018-10-30,Pranjali,West Bengal,Kolkata,2018-10,3991,819,9,2018,2018-10,Tuesday
B-25840,2018-10-31,Sneha,Karnataka,Bangalore,2018-10,1156,341,7,2018,2018-10,Wednesday
B-25841,2018-11-01,Ashvini,Maharashtra,Mumbai,2018-11,4267,558,9,2018,2018-11,Thursday
B-25842,2018-11-02,Sheetal,Madhya Pradesh,Indore,2018-11,360,929,6,2018,2018-11,Friday
B-25843,2018-11-03,Mrunal,Maharashtra,Mumbai,2018-11,4693,1386,6,2018,2018-11,Saturday
B-25844,2018-11-03,Swati,Madhya Pradesh,Indore,2018-11,1500,-120,4,2018,2018-11,Saturday
B-25845,2018-11-03,Snel,Kerala ,Thiruvananthapuram,2018-11,4187,-68,2,2018,2018-11,Saturday
B-25846,2018-11-03,Soodesh,Punjab,Chandigarh,2018-11,1727,596,7,2018,2018-11,Saturday
B-25847,2018-11-03,Aniket,Haryana,Chandigarh,2018-11,1418,699,5,2018,2018-11,Saturday
B-25848,2018-11-03,Rohan,Himachal Pradesh,Simla,2018-11,4696,-63,6,2018,2018-11,Saturday
B-25849,2018-11-04,K,Sikkim,Gangtok,2018-11,4935,-17,2,2018,2018-11,Sunday
B-25850,2018-11-05,Abhishek,Goa,Goa,2018-11,3304,1224,5,2018,2018-11,Monday
B-25851,2018-11-06,Kushal,Nagaland,Kohima,2018-11,2935,1153,4,2018,2018-11,Tuesday
B-25852,2018-11-07,Soumyabrata,Andhra Pradesh,Hyderabad,2018-11,4755,584,9,2018,2018-11,Wednesday
B-25853,2018-11-08,Gaurav,Gujarat,Ahmedabad,2018-11,1154,1331,6,2018,2018-11,Thursday
B-25854,2018-11-08,Shubham,Maharashtra,Pune,2018-11,4765,783,2,2018,2018-11,Thursday
B-25855,2018-11-08,Abhijeet,Madhya Pradesh,Bhopal,2018-11,3646,-132,1,2018,2018-11,Thursday
B-25856,2018-11-10,Abhijeet,Maharashtra,Mumbai,2018-11,1245,345,5,2018,2018-11,Saturday
B-25857,2018-11-10,Anand,Madhya Pradesh,Indore,2018-11,1893,-148,9,2018,2018-11,Saturday
B-25858,2018-11-13,Swapnil,Maharashtra,Mumbai,2018-11,3636,1273,6,2018,2018-11,Tuesday
B-25859,2018-11-14,Chikku,Madhya Pradesh,Indore,2018-11,762,4,7,2018,2018-11,Wednesday
B-25860,2018-11-15,Akshay,Tamil Nadu,Chennai,2018-11,2685,-75,5,2018,2018-11,Thursday
B-25861,2018-11-15,Aayush,Uttar Pradesh,Lucknow,2018-11,3554,-158,6,2018,2018-11,Thursday
B-25862,2018-11-15,Amol,Bihar,Patna,2018-11,425,-90,5,2018,2018-11,Thursday
B-25863,2018-11-15,Manibalan,Kerala ,Thiruvananthapuram,2018-11,1159,560,9,2018,2018-11,Thursday
B-25864,2018-11-15,Aromal,Maharashtra,Mumbai,2018-11,4748,1486,6,2018,2018-11,Thursday
B-25865,2018-11-15,Arun,Madhya Pradesh,Indore,2018-11,3267,1006,8,2018,2018-11,Thursday
B-25866,2018-11-16,Komal,Himachal Pradesh,Simla,2018-11,1015,647,2,2018,2018-11,Friday
B-25867,2018-11-17,Ankit,Sikkim,Gangtok,2018-11,4954,-106,9,2018,2018-11,Saturday
B-25868,2018-11-18,Vikash,Goa,Goa,2018-11,4842,1197,5,2018,2018-11,Sunday
B-25869,2018-11-19,Parakh,Nagaland,Kohima,2018-11,3320,1343,7,2018,2018-11,Monday
B-25870,2018-11-20,Pranav,Andhra Pradesh,Hyderabad,2018-11,216,699,1,2018,2018-11,Tuesday
B-25871,2018-11-21,Gunjal,Gujarat,Surat,2018-11,1443,159,5,2018,2018-11,Wednesday
B-25872,2018-11-22,Saurabh,Maharashtra,Mumbai,2018-11,2405,699,2,2018,2018-11,Thursday
B-25873,2018-11-23,Divyeta,Madhya Pradesh,Indore,2018-11,2724,80,6,2018,2018-11,Friday
B-25874,2018-11-24,Megha,Rajasthan,Udaipur,2018-11,1269,1018,1,2018,2018-11,Saturday
B-25875,2018-11-24,Divyeshkumar,Uttar Pradesh,Allahabad,2018-11,3644,1018,3,2018,2018-11,Saturday
B-25876,2018-11-24,Bhosale,Punjab,Amritsar,2018-11,2765,466,5,2018,2018-11,Saturday
B-25877,2018-11-24,Dashyam,Gujarat,Surat,2018-11,1260,-108,4,2018,2018-11,Saturday
B-25878,2018-11-24,Mrinal,Maharashtra,Mumbai,2018-11,2527,471,3,2018,2018-11,Saturday
B-25879,2018-11-24,Siddharth,Madhya Pradesh,Indore,2018-11,3620,-140,5,2018,2018-11,Saturday
B-25880,2018-11-24,Apoorv,Rajasthan,Udaipur,2018-11,501,433,8,2018,2018-11,Saturday
B-25881,2018-11-25,Pooja,Uttar Pradesh,Allahabad,2018-11,4476,874,4,2018,2018-11,Sunday
B-25882,2018-11-26,Masurkar,Punjab,Amritsar,2018-11,806,1226,1,2018,2018-11,Monday
B-25883,2018-11-27,Saptadeep,Gujarat,Surat,2018-11,3370,828,7,2018,2018-11,Tuesday
B-25884,2018-11-28,Sumeet,Maharashtra,Mumbai,2018-11,899,1289,8,2018,2018-11,Wednesday
B-25885,2018-11-28,Shatayu,Madhya Pradesh,Indore,2018-11,1339,403,3,2018,2018-11,Wednesday
B-25886,2018-11-28,Brijesh,Rajasthan,Udaipur,2018-11,390,481,6,2018,2018-11,Wednesday
B-25887,2018-12-01,Vedant,Uttar Pradesh,Allahabad,2018-12,2500,333,2,2018,2018-12,Saturday
B-25888,2018-12-02,Rohan,Punjab,Amritsar,2018-12,1180,1228,7,2018,2018-12,Sunday
B-25889,2018-12-03,Abhishek,Gujarat,Surat,2018-12,3175,637,8,2018,2018-12,Monday
B-25890,2018-12-04,Divyansha,Maharashtra,Mumbai,2018-12,1384,1336,6,2018,2018-12,Tuesday
B-25891,2018-12-04,Shivani,Madhya Pradesh,Indore,2018-12,3527,444,6,2018,2018-12,Tuesday
B-25892,2018-12-04,Aditi,Rajasthan,Udaipur,2018-12,3594,32,5,2018,2018-12,Tuesday
B-25893,2018-12-04,Aashna,Uttar Pradesh,Allahabad,2018-12,327,323,8,2018,2018-12,Tuesday
B-25894,2018-12-04,Monu,Punjab,Amritsar,2018-12,2265,145,1,2018,2018-12,Tuesday
B-25895,2018-12-04,Sathya,Gujarat,Surat,2018-12,2016,869,4,2018,2018-12,Tuesday
B-25896,2018-12-05,Aman,Maharashtra,Mumbai,2018-12,769,345,4,2018,2018-12,Wednesday
B-25897,2018-12-06,Rohan,Madhya Pradesh,Indore,2018-12,2095,901,3,2018,2018-12,Thursday
B-25898,2018-12-07,Abhishek,Rajasthan,Udaipur,2018-12,2933,896,3,2018,2018-12,Friday
B-25899,2018-12-08,Aishwarya,Uttar Pradesh,Allahabad,2018-12,4063,593,4,2018,2018-12,Saturday
B-25900,2018-12-09,Anand,Punjab,Amritsar,2018-12,4921,48,1,2018,2018-12,Sunday
B-25901,2018-12-10,Suraj,Gujarat,Surat,2018-12,4214,-154,2,2018,2018-12,Monday
B-25902,2018-12-10,Ishpreet,Maharashtra,Mumbai,2018-12,3101,944,9,2018,2018-12,Monday
B-25903,2018-12-10,Amlan,Madhya Pradesh,Indore,2018-12,1886,13,2,2018,2018-12,Monday
B-25904,2018-12-10,Swapnil,Delhi,Delhi,2018-12,3209,38,5,2018,2018-12,Monday
B-25905,2018-12-11,Bhargav,Madhya Pradesh,Delhi,2018-12,354,879,9,2018,2018-12,Tuesday
B-25906,2018-12-11,Abhijit,Delhi,Delhi,2018-12,2737,149,9,2018,2018-12,Tuesday
B-25907,2018-12-11,Jaydeep,Madhya Pradesh,Bhopal,2018-12,1609,-94,8,2018,2018-12,Tuesday
B-25908,2018-12-12,Pradeep,Delhi,Delhi,2018-12,4257,630,1,2018,2018-12,Wednesday
B-25909,2018-12-13,Sujay,Madhya Pradesh,Delhi,2018-12,984,-153,1,2018,2018-12,Thursday
B-25910,2018-12-14,Jay,Delhi,Delhi,2018-12,3375,1396,9,2018,2018-12,Friday
B-25911,2018-12-15,Phalguni,Madhya Pradesh,Bhopal,2018-12,4541,136,8,2018,2018-12,Saturday
B-25912,2018-12-16,Preksha,Delhi,Delhi,2018-12,3006,849,9,2018,2018-12,Sunday
B-25913,2018-12-17,Geetanjali,Madhya Pradesh,Delhi,2018-12,737,603,7,2018,2018-12,Monday
B-25914,2018-12-18,Kajal,Delhi,Delhi,2018-12,2041,1080,3,2018,2018-12,Tuesday
B-25915,2018-12-19,Sukruta,Punjab,Amritsar,2018-12,2655,-193,3,2018,2018-12,Wednesday
B-25916,2018-12-20,Utkarsh,Gujarat,Surat,2018-12,724,424,2,2018,2018-12,Thursday
B-25917,2018-12-21,Sanjay,Maharashtra,Mumbai,2018-12,3150,1076,5,2018,2018-12,Friday
B-25918,2018-12-22,Karandeep,Madhya Pradesh,Indore,2018-12,4331,518,3,2018,2018-12,Saturday
B-25919,2018-12-23,Neha,Rajasthan,Udaipur,2018-12,4980,102,6,2018,2018-12,Sunday
B-25920,2018-12-24,Jayanti,Uttar Pradesh,Allahabad,2018-12,4315,438,2,2018,2018-12,Monday
B-25921,2018-12-25,Sandra,Punjab,Amritsar,2018-12,2568,-145,3,2018,2018-12,Tuesday
B-25922,2018-12-26,Akshata,Gujarat,Surat,2018-12,4047,525,5,2018,2018-12,Wednesday
B-25923,2018-12-27,Vishakha,Maharashtra,Mumbai,2018-12,4695,325,1,2018,2018-12,Thursday
B-25924,2018-12-28,Prajakta,Karnataka,Bangalore,2018-12,2901,273,1,2018,2018-12,Friday
B-25925,2018-12-29,Shruti,Maharashtra,Mumbai,2018-12,1171,-173,9,2018,2018-12,Saturday
B-25926,2018-12-30,Dipali,Madhya Pradesh,Indore,2018-12,1366,-123,7,2018,2018-12,Sunday
B-25927,2018-12-31,Shreya,Uttar Pradesh,Lucknow,2018-12,2974,1039,1,2018,2018-12,Monday
B-25928,2019-01-01,Smriti,Bihar,Patna,2019-01,2182,1209,8,2019,2019-01,Tuesday
B-25929,2019-01-02,Girase,Kerala ,Thiruvananthapuram,2019-01,1053,164,3,2019,2019-01,Wednesday
B-25930,2019-01-03,Monica,Punjab,Chandigarh,2019-01,4346,465,8,2019,2019-01,Thursday
B-25931,2019-01-04,Sidharth,Maharashtra,Mumbai,2019-01,3936,325,5,2019,2019-01,Friday
B-25932,2019-01-04,Bhutekar,Madhya Pradesh,Indore,2019-01,3969,498,1,2019,2019-01,Friday
B-25933,2019-01-04,Shikhar,Maharashtra,Mumbai,2019-01,774,1135,7,2019,2019-01,Friday
B-25934,2019-01-04,Rahul,Madhya Pradesh,Indore,2019-01,3461,682,5,2019,2019-01,Friday
B-25935,2019-01-04,Sudhir,Nagaland,Kohima,2019-01,1348,830,6,2019,2019-01,Friday
B-25936,2019-01-05,Nikhil,Punjab,Chandigarh,2019-01,1915,826,6,2019,2019-01,Saturday
B-25937,2019-01-05,Ankit,Haryana,Chandigarh,2019-01,4977,1446,8,2019,2019-01,Saturday
B-25938,2019-01-05,Shikhar,Himachal Pradesh,Simla,2019-01,4054,718,9,2019,2019-01,Saturday
B-25939,2019-01-05,Vineet,Sikkim,Gangtok,2019-01,2691,549,2,2019,2019-01,Saturday
B-25940,2019-01-06,Vivek,Goa,Goa,2019-01,2860,162,9,2019,2019-01,Sunday
B-25941,2019-01-07,Jaideep,Nagaland,Kohima,2019-01,3324,1331,9,2019,2019-01,Monday
B-25942,2019-01-08,Ankur,Andhra Pradesh,Hyderabad,2019-01,3251,1097,7,2019,2019-01,Tuesday
B-25943,2019-01-09,Shardul,Gujarat,Ahmedabad,2019-01,204,1329,1,2019,2019-01,Wednesday
B-25944,2019-01-10,Syed,Maharashtra,Pune,2019-01,1076,605,7,2019,2019-01,Thursday
B-25945,2019-01-11,Mhatre,Madhya Pradesh,Indore,2019-01,1191,538,5,2019,2019-01,Friday
B-25946,2019-01-12,Saurabh,Andhra Pradesh,Hyderabad,2019-01,4342,838,6,2019,2019-01,Saturday
B-25947,2019-01-13,Chetan,Gujarat,Ahmedabad,2019-01,4564,1015,7,2019,2019-01,Sunday
B-25948,2019-01-13,Mukund,Maharashtra,Pune,2019-01,4665,1454,5,2019,2019-01,Sunday
B-25949,2019-01-13,Shantanu,Maharashtra,Mumbai,2019-01,835,284,7,2019,2019-01,Sunday
B-25950,2019-01-13,Shruti,Madhya Pradesh,Indore,2019-01,1893,-173,9,2019,2019-01,Sunday
B-25951,2019-01-13,Jesal,West Bengal,Kolkata,2019-01,1882,513,3,2019,2019-01,Sunday
B-25952,2019-01-13,Priyanka,Madhya Pradesh,Indore,2019-01,4952,862,8,2019,2019-01,Sunday
B-25953,2019-01-14,Krutika,Andhra Pradesh,Hyderabad,2019-01,319,1096,2,2019,2019-01,Monday
B-25954,2019-01-14,Trupti,Gujarat,Ahmedabad,2019-01,1030,1054,7,2019,2019-01,Monday
B-25955,2019-01-16,Soumya,Maharashtra,Pune,2019-01,3875,-115,2,2019,2019-01,Wednesday
B-25956,2019-01-17,Shreya,Maharashtra,Mumbai,2019-01,1569,1297,4,2019,2019-01,Thursday
B-25957,2019-01-18,Mahima,Madhya Pradesh,Indore,2019-01,940,-75,7,2019,2019-01,Friday
B-25958,2019-01-18,Aparajita,West Bengal,Kolkata,2019-01,316,611,3,2019,2019-01,Friday
B-25959,2019-01-18,Muskan,Madhya Pradesh,Indore,2019-01,3038,336,2,2019,2019-01,Friday
B-25960,2019-01-18,Shreya,Andhra Pradesh,Hyderabad,2019-01,1350,-56,7,2019,2019-01,Friday
B-25961,2019-01-18,Surbhi,Gujarat,Ahmedabad,2019-01,2131,1348,1,2019,2019-01,Friday
B-25962,2019-01-19,Tejeswini,Maharashtra,Pune,2019-01,1212,1035,8,2019,2019-01,Saturday
B-25963,2019-01-19,Pratiksha,Maharashtra,Mumbai,2019-01,1864,-176,3,2019,2019-01,Saturday
B-25964,2019-01-20,Oshin,Madhya Pradesh,Indore,2019-01,1281,1403,2,2019,2019-01,Sunday
B-25965,2019-01-21,Saloni,West Bengal,Kolkata,2019-01,4929,1217,3,2019,2019-01,Monday
B-25966,2019-01-21,Soumya,Rajasthan,Udaipur,2019-01,712,-134,5,2019,2019-01,Monday
B-25967,2019-01-21,Komal,Uttar Pradesh,Allahabad,2019-01,3049,32,8,2019,2019-01,Monday
B-25968,2019-01-21,Paromita,Punjab,Amritsar,2019-01,759,-92,7,2019,2019-01,Monday
B-25969,2019-01-21,Shreyshi,Gujarat,Surat,2019-01,3872,969,7,2019,2019-01,Monday
B-25970,2019-01-22,Rhea,Maharashtra,Mumbai,2019-01,4783,-90,7,2019,2019-01,Tuesday
B-25971,2019-01-22,Mitali,Madhya Pradesh,Indore,2019-01,3543,27,8,2019,2019-01,Tuesday
B-25972,2019-01-23,Jesslyn,Rajasthan,Udaipur,2019-01,4270,-90,1,2019,2019-01,Wednesday
B-25973,2019-01-24,Seema,Uttar Pradesh,Allahabad,2019-01,4999,1293,4,2019,2019-01,Thursday
B-25974,2019-01-25,Manisha,Rajasthan,Udaipur,2019-01,1670,-167,6,2019,2019-01,Friday
B-25975,2019-01-25,Priyanka,Uttar Pradesh,Allahabad,2019-01,780,422,9,2019,2019-01,Friday
B-25976,2019-01-25,Piyam,Punjab,Amritsar,2019-01,2494,1192,2,2019,2019-01,Friday
B-25977,2019-01-27,Aayushi,Gujarat,Surat,2019-01,3347,547,1,2019,2019-01,Sunday
B-25978,2019-01-27,Parin,Maharashtra,Mumbai,2019-01,4449,394,2,2019,2019-01,Sunday
B-25979,2019-01-27,Shivangi,Madhya Pradesh,Indore,2019-01,1879,1377,7,2019,2019-01,Sunday
B-25980,2019-01-27,Shweta,Rajasthan,Udaipur,2019-01,3706,224,3,2019,2019-01,Sunday
B-25981,2019-01-28,Amruta,Delhi,Delhi,2019-01,2944,412,2,2019,2019-01,Monday
B-25982,2019-01-29,Hemangi,Delhi,Delhi,2019-01,3556,1341,7,2019,2019-01,Tuesday
B-25983,2019-01-30,Atul,Delhi,Delhi,2019-01,4245,491,2,2019,2019-01,Wednesday
B-25984,2019-01-30,Kajal,Delhi,Delhi,2019-01,1443,1105,3,2019,2019-01,Wednesday
B-25985,2019-01-31,Ginny,Madhya Pradesh,Indore,2019-01,3318,1143,7,2019,2019-01,Thursday
B-25986,2019-01-31,Shweta,Rajasthan,Udaipur,2019-01,2341,1266,4,2019,2019-01,Thursday
B-25987,2019-01-31,Manjiri,Delhi,Delhi,2019-01,3259,114,1,2019,2019-01,Thursday
B-25988,2019-01-31,Nirja,Delhi,Delhi,2019-01,4748,676,5,2019,2019-01,Thursday
B-25989,2019-02-01,Anjali,Delhi,Delhi,2019-02,3159,1200,9,2019,2019-02,Friday
B-25990,2019-02-02,Mugdha,Delhi,Delhi,2019-02,2465,1112,8,2019,2019-02,Saturday
B-25991,2019-02-03,Mansi,Madhya Pradesh,Indore,2019-02,2679,1260,9,2019,2019-02,Sunday
B-25992,2019-02-03,Gaurav,Rajasthan,Udaipur,2019-02,4846,461,9,2019,2019-02,Sunday
B-25993,2019-02-03,Harshal,Delhi,Delhi,2019-02,1835,76,7,2019,2019-02,Sunday
B-25994,2019-02-03,Omkar,Delhi,Delhi,2019-02,1957,1405,4,2019,2019-02,Sunday
B-25995,2019-02-04,Yohann,Delhi,Delhi,2019-02,4652,1326,5,2019,2019-02,Monday
B-25996,2019-02-04,Prashant,Delhi,Delhi,2019-02,2270,423,1,2019,2019-02,Monday
B-25997,2019-02-04,Yogesh,Madhya Pradesh,Indore,2019-02,3049,315,1,2019,2019-02,Monday
B-25998,2019-02-04,Anmol,Rajasthan,Udaipur,2019-02,3451,1173,3,2019,2019-02,Monday
B-25999,2019-02-05,Diwakar,Delhi,Delhi,2019-02,3930,642,8,2019,2019-02,Tuesday
B-26000,2019-02-06,Shubham,Delhi,Delhi,2019-02,2689,1269,2,2019,2019-02,Wednesday
B-26001,2019-02-07,Patil,Delhi,Delhi,2019-02,1831,149,4,2019,2019-02,Thursday
B-26002,2019-02-08,Harsh,Delhi,Delhi,2019-02,3016,1430,2,2019,2019-02,Friday
B-26003,2019-02-08,Hitesh,Madhya Pradesh,Bhopal,2019-02,1215,1487,5,2019,2019-02,Friday
B-26004,2019-02-08,Nandita,Rajasthan,Jaipur,2019-02,1548,622,9,2019,2019-02,Friday
B-26005,2019-02-08,Parnavi,West Bengal,Kolkata,2019-02,4811,960,1,2019,2019-02,Friday
B-26006,2019-02-09,Arpita,Karnataka,Bangalore,2019-02,3287,558,5,2019,2019-02,Saturday
B-26007,2019-02-09,Shubham,Jammu and Kashmir,Kashmir,2019-02,3039,698,9,2019,2019-02,Saturday
B-26008,2019-02-09,Kalyani,Tamil Nadu,Chennai,2019-02,535,42,1,2019,2019-02,Saturday
B-26009,2019-02-10,Komal,Uttar Pradesh,Lucknow,2019-02,4792,342,9,2019,2019-02,Sunday
B-26010,2019-02-11,Kartikay,Bihar,Patna,2019-02,1095,863,8,2019,2019-02,Monday
B-26011,2019-02-12,Bharat,Gujarat,Ahmedabad,2019-02,3746,28,4,2019,2019-02,Tuesday
B-26012,2019-02-13,Pearl,Maharashtra,Pune,2019-02,1051,347,5,2019,2019-02,Wednesday
B-26013,2019-02-13,Jahan,Madhya Pradesh,Bhopal,2019-02,1887,719,5,2019,2019-02,Wednesday
B-26014,2019-02-13,Divsha,Rajasthan,Jaipur,2019-02,2131,1046,6,2019,2019-02,Wednesday
B-26015,2019-02-14,Kasheen,West Bengal,Kolkata,2019-02,3946,-195,7,2019,2019-02,Thursday
B-26016,2019-02-14,Hazel,Karnataka,Bangalore,2019-02,2627,1145,8,2019,2019-02,Thursday
B-26017,2019-02-14,Sonakshi,Jammu and Kashmir,Kashmir,2019-02,1768,267,8,2019,2019-02,Thursday
B-26018,2019-02-14,Aarushi,Tamil Nadu,Chennai,2019-02,4200,-126,2,2019,2019-02,Thursday
B-26019,2019-02-15,Jitesh,Uttar Pradesh,Lucknow,2019-02,2938,-197,9,2019,2019-02,Friday
B-26020,2019-02-16,Yogesh,Bihar,Patna,2019-02,3698,445,7,2019,2019-02,Saturday
B-26021,2019-02-17,Anita,Kerala ,Thiruvananthapuram,2019-02,4113,-83,4,2019,2019-02,Sunday
B-26022,2019-02-18,Shrichand,Punjab,Chandigarh,2019-02,1266,680,4,2019,2019-02,Monday
B-26023,2019-02-19,Mukesh,Haryana,Chandigarh,2019-02,4580,1429,8,2019,2019-02,Tuesday
B-26024,2019-02-19,Vandana,Himachal Pradesh,Simla,2019-02,2644,303,4,2019,2019-02,Tuesday
B-26025,2019-02-19,Bhavna,Sikkim,Gangtok,2019-02,4307,746,6,2019,2019-02,Tuesday
B-26026,2019-02-19,Kanak,Goa,Goa,2019-02,3573,373,5,2019,2019-02,Tuesday
B-26027,2019-02-20,Sagar,Nagaland,Kohima,2019-02,4169,1264,3,2019,2019-02,Wednesday
B-26028,2019-02-20,Manju,Andhra Pradesh,Hyderabad,2019-02,2746,-7,2,2019,2019-02,Wednesday
B-26029,2019-02-20,Ramesh,Gujarat,Ahmedabad,2019-02,953,646,9,2019,2019-02,Wednesday
B-26030,2019-02-21,Sarita,Maharashtra,Pune,2019-02,2282,514,9,2019,2019-02,Thursday
B-26031,2019-02-22,Deepak,Madhya Pradesh,Bhopal,2019-02,2974,1215,1,2019,2019-02,Friday
B-26032,2019-02-22,Monisha,Rajasthan,Jaipur,2019-02,3096,849,3,2019,2019-02,Friday
B-26033,2019-02-22,Atharv,West Bengal,Kolkata,2019-02,4385,1258,8,2019,2019-02,Friday
B-26034,2019-02-23,Vini,Karnataka,Bangalore,2019-02,975,-28,6,2019,2019-02,Saturday
B-26035,2019-02-23,Pinky,Jammu and Kashmir,Kashmir,2019-02,1825,1123,5,2019,2019-02,Saturday
B-26036,2019-02-23,Bhishm,Maharashtra,Mumbai,2019-02,3269,1468,5,2019,2019-02,Saturday
B-26037,2019-02-23,Hitika,Madhya Pradesh,Indore,2019-02,617,125,6,2019,2019-02,Saturday
B-26038,2019-02-24,Pooja,Bihar,Patna,2019-02,314,1233,7,2019,2019-02,Sunday
B-26039,2019-02-25,Hemant,Kerala ,Thiruvananthapuram,2019-02,816,941,1,2019,2019-02,Monday
B-26040,2019-02-26,Sahil,Punjab,Chandigarh,2019-02,4174,635,9,2019,2019-02,Tuesday
B-26041,2019-02-27,Ritu,Haryana,Chandigarh,2019-02,3467,523,3,2019,2019-02,Wednesday
B-26042,2019-02-28,Manish,Himachal Pradesh,Simla,2019-02,1025,24,4,2019,2019-02,Thursday
B-26043,2019-03-01,Amit,Sikkim,Gangtok,2019-03,1716,331,1,2019,2019-03,Friday
B-26044,2019-03-02,Sanjay,Goa,Goa,2019-03,3346,-88,3,2019,2019-03,Saturday
B-26045,2019-03-03,Nidhi,Nagaland,Kohima,2019-03,612,-61,2,2019,2019-03,Sunday
B-26046,2019-03-04,Nishi,Maharashtra,Mumbai,2019-03,928,358,2,2019,2019-03,Monday
B-26047,2019-03-04,Ashmi,Madhya Pradesh,Indore,2019-03,3548,-200,1,2019,2019-03,Monday
B-26048,2019-03-04,Parth,Maharashtra,Pune,2019-03,3008,-111,8,2019,2019-03,Monday
B-26049,2019-03-05,Lisha,Madhya Pradesh,Bhopal,2019-03,875,453,3,2019,2019-03,Tuesday
B-26050,2019-03-06,Paridhi,Rajasthan,Jaipur,2019-03,3665,119,3,2019,2019-03,Wednesday
B-26051,2019-03-07,Parishi,West Bengal,Kolkata,2019-03,2704,1373,6,2019,2019-03,Thursday
B-26052,2019-03-08,Ajay,Karnataka,Bangalore,2019-03,3167,-62,8,2019,2019-03,Friday
B-26053,2019-03-09,Kirti,Jammu and Kashmir,Kashmir,2019-03,2986,1334,9,2019,2019-03,Saturday
B-26054,2019-03-10,Mayank,Maharashtra,Mumbai,2019-03,1322,644,9,2019,2019-03,Sunday
B-26055,2019-03-10,Yaanvi,Madhya Pradesh,Indore,2019-03,4279,58,4,2019,2019-03,Sunday
B-26056,2019-03-10,Sonal,Bihar,Patna,2019-03,1771,1496,5,2019,2019-03,Sunday
B-26057,2019-03-10,Sharda,Kerala ,Thiruvananthapuram,2019-03,2343,701,2,2019,2019-03,Sunday
B-26058,2019-03-11,Aditya,Punjab,Chandigarh,2019-03,1887,489,9,2019,2019-03,Monday
B-26059,2019-03-12,Rachna,Haryana,Chandigarh,2019-03,4332,-191,8,2019,2019-03,Tuesday
B-26060,2019-03-13,Chirag,Maharashtra,Mumbai,2019-03,4051,60,3,2019,2019-03,Wednesday
B-26061,2019-03-14,Anurag,Madhya Pradesh,Indore,2019-03,3640,1473,9,2019,2019-03,Thursday
B-26062,2019-03-15,Tushina,Goa,Goa,2019-03,3966,-29,3,2019,2019-03,Friday
B-26063,2019-03-15,Farah,Nagaland,Kohima,2019-03,2526,697,9,2019,2019-03,Friday
B-26064,2019-03-16,Ankita,Maharashtra,Mumbai,2019-03,3114,-188,2,2019,2019-03,Saturday
B-26065,2019-03-16,Nida,Madhya Pradesh,Indore,2019-03,4152,991,9,2019,2019-03,Saturday
B-26066,2019-03-16,Priyanka,Maharashtra,Pune,2019-03,795,1465,8,2019,2019-03,Saturday
B-26067,2019-03-16,Tulika,Madhya Pradesh,Bhopal,2019-03,928,1419,9,2019,2019-03,Saturday
B-26068,2019-03-16,Shefali,Rajasthan,Jaipur,2019-03,1565,120,5,2019,2019-03,Saturday
B-26069,2019-03-17,Sanskriti,West Bengal,Kolkata,2019-03,4692,1142,2,2019,2019-03,Sunday
B-26070,2019-03-18,Shruti,Karnataka,Bangalore,2019-03,898,1436,8,2019,2019-03,Monday
B-26071,2019-03-19,Subhashree,Jammu and Kashmir,Kashmir,2019-03,595,128,6,2019,2019-03,Tuesday
B-26072,2019-03-20,Sweta,Maharashtra,Mumbai,2019-03,4371,584,8,2019,2019-03,Wednesday
B-26073,2019-03-21,Pournamasi,Madhya Pradesh,Indore,2019-03,4560,576,5,2019,2019-03,Thursday
B-26074,2019-03-21,Bharat,Gujarat,Ahmedabad,2019-03,2702,710,2,2019,2019-03,Thursday
B-26075,2019-03-21,Pearl,Maharashtra,Pune,2019-03,2019,1373,6,2019,2019-03,Thursday
B-26076,2019-03-21,Jahan,Madhya Pradesh,Bhopal,2019-03,917,1242,5,2019,2019-03,Thursday
B-26077,2019-03-22,Divsha,Rajasthan,Jaipur,2019-03,2982,1429,5,2019,2019-03,Friday
B-26078,2019-03-22,Kasheen,West Bengal,Kolkata,2019-03,3777,918,1,2019,2019-03,Friday
B-26079,2019-03-22,Hazel,Karnataka,Bangalore,2019-03,343,1404,2,2019,2019-03,Friday
B-26080,2019-03-22,Sonakshi,Jammu and Kashmir,Kashmir,2019-03,3340,117,8,2019,2019-03,Friday
B-26081,2019-03-22,Aarushi,Tamil Nadu,Chennai,2019-03,4691,35,3,2019,2019-03,Friday
B-26082,2019-03-23,Jitesh,Uttar Pradesh,Lucknow,2019-03,3138,133,3,2019,2019-03,Saturday
B-26083,2019-03-24,Yogesh,Bihar,Patna,2019-03,3836,175,8,2019,2019-03,Sunday
B-26084,2019-03-25,Anita,Kerala ,Thiruvananthapuram,2019-03,3422,1282,8,2019,2019-03,Monday
B-26085,2019-03-26,Shrichand,Punjab,Chandigarh,2019-03,1367,960,2,2019,2019-03,Tuesday
B-26086,2019-03-26,Mukesh,Haryana,Chandigarh,2019-03,2816,387,8,2019,2019-03,Tuesday
B-26087,2019-03-26,Vandana,Himachal Pradesh,Simla,2019-03,1262,1370,1,2019,2019-03,Tuesday
B-26088,2019-03-26,Bhavna,Sikkim,Gangtok,2019-03,2356,312,6,2019,2019-03,Tuesday
B-26089,2019-03-26,Kanak,Goa,Goa,2019-03,3182,1119,8,2019,2019-03,Tuesday
B-26090,2019-03-27,Sagar,Nagaland,Kohima,2019-03,3494,1143,3,2019,2019-03,Wednesday
B-26091,2019-03-27,Manju,Andhra Pradesh,Hyderabad,2019-03,4929,717,8,2019,2019-03,Wednesday
B-26092,2019-03-27,Ramesh,Gujarat,Ahmedabad,2019-03,1356,1395,1,2019,2019-03,Wednesday
B-26093,2019-03-27,Sarita,Maharashtra,Pune,2019-03,932,1172,9,2019,2019-03,Wednesday
B-26094,2019-03-27,Deepak,Madhya Pradesh,Bhopal,2019-03,4530,672,9,2019,2019-03,Wednesday
B-26095,2019-03-28,Monisha,Rajasthan,Jaipur,2019-03,1153,1052,5,2019,2019-03,Thursday
B-26096,2019-03-28,Atharv,West Bengal,Kolkata,2019-03,2739,69,4,2019,2019-03,Thursday
B-26097,2019-03-28,Vini,Karnataka,Bangalore,2019-03,3524,597,6,2019,2019-03,Thursday
B-26098,2019-03-29,Pinky,Jammu and Kashmir,Kashmir,2019-03,3501,1114,7,2019,2019-03,Friday
B-26099,2019-03-30,Bhishm,Maharashtra,Mumbai,2019-03,1742,524,5,2019,2019-03,Saturday
B-26100,2019-03-31,Hitika,Madhya Pradesh,Indore,2019-03,1391,988,9,2019,2019-03,Sunday
